1,Aka,"Colenso, Williams, &c",A general name for the stem of any climbing plant.
2,Aka,"Colenso, Tregear",Metrosideros scanclens.
3,Aka,"Williams",Metrosideros fiorida.
4,Aka,"Colenso",Passiflora tetrandra.
5,Akakaimanu,"Colenso",Passiflora tetrandra.
6,Akakiore,"Williams, Tregear",Parsonsia capsularis.
7,Akakohia,"Colenso",Passiflora tetrandra.
8,Akakura,"E. B. Dickson",Metrosideros diffusa.
9,Akakura,"Williams",Metrosideros fiorida.
10,Akapita,"Colenso",Ehipogonum scandens.
11,Akapohue,"Colenso",Calystegia sepium.
12,Akarewa,"Williams",Cultivated variety of Colocasia antiquorum.
13,Akatawhiwhi,"Williams, Tregear",Metrosideros florida.
14,Akatea,"Williams, Tregear",Metrosideros albiflora.
15,Akatorotoro,"Colenso",Metrosideros scandens.
16,Aka,"Colenso, Williams",Dodonœa viscosa.
17,Akeake,"Colenso, Williams",Dodonœa viscosa.
18,Akeake,"Colenso, Hector",Olearia avicenniœfolia.
19,Akeake,"G. Mair",Olearia Traversii.
20,Akepirau,"Tregear",Olearia Forsteri. Probably the same as Akapiro,
21,Akepiro,"Colenso, Williams",Olearia furfuracea.
22,Akerautangi,"Colenso, Mantell",Dodoncea viscosa.
23,Akewharangi,"Colenso",Olearia Cunninghamii.
24,Akiraho,"Williams",Olearia Forsteri.
25,Angiangi,"Williams, Tregear",Coprosma Baueri.
26,Anurangi,"Williams",Cultivated variety of I pomœa batatas.PAGE 1095
27,Anutipoki,"Williams",Cultivated variety of I pomœa batatas.
28,Aoanga. Aohanga,"Colenso",Phormium tenax,"variegated variety",
29,Aruhe,"Colenso, Williams",Rhizome of Pteris aquilina.
30,Aute,"Colenso, Williams, &c",Broussonetia papyrifera.
31,Aute,"R. H. Matthews",Veronica diosmœfolia.
32,Autetaranga,"Colenso, Tregear",Pimelea arenaria.
33,Autetauranga,"Colenso",Pimelea arenaria.
34,Awanga,"Colenso",Cultivated variety of Colocasia antiquorum.
35,Awanga,"Percy Smith",Variegated variety of Phormium tenax.
36,Awhato, or Awheto,"Colenso, Williams",The so-called vegetable caterpillar, Cordyceps Robertsii.
37,Eketera,"D'Urville",Lepidium oleraceum.
38,Emiemi,"Tregear",Dracopliyllum latifolium.
39,Ewekuri,"Williams",Paratrophis heterophylla.
40,Haekaro,"Tregear",Pittosporum umbellatum.
41,Haka,"Williams",Erigeron canadensis.
42,Hakeke,"Williams",A fungus, Hirneola polytricha.
43,Hamo,"Williams",Cultivated variety of I pomœa batatas.
44,Hangatare,"F. A. D. Cox",Olearia semidentata.
45,Hangehange,"Colenso, Williams, &c",Geniostoma ligustrifolium.
46,Harakeke,"Colenso, Williams, &c",Phormium tenax.
47,Harapere,"F. A. D. Cox",Phormium tenax.
48,Harareke,"Colenso, Williams",Phormium tenax.
49,Harore,"Williams",A fungus, Agaricus adiposus.
50,Hauama,"Colenso, Williams",Entelea arbortescens.
51,Haukopa,"Colenso",Cultivated variety of Colocasia antiquorum.
52,Haumakoroa,"Williams, Traill",Panax simplex.
53,Haumangoroa,"Williams",Panax simplex.
54,Hauora,"Williams",Cordyline Banksii.
55,Hawato,"Williams",The vegetable caterpillar, Cordyceps Robertsii.
56,Hawere,"Colenso",Cultivated variety of I pomœa batatas.
57,Heketara,"Williams",Olearia Cunninghamii.
58,Hengahenga,"Williams",Geniostoma ligustrifolium.
59,Heruheru,"Colenso, Williams",Todea hymenophylloides and T. superba.
60,Hinahina,"Hector, Williams",Melicytus ramiflorus.
61,Hinau,"Yate, Cunningham, Colenso, &c",Elœocarpus dentatus.
62,Hingongi,"Williams",Cultivated variety of Solanum tuberosum.
63,Hioi,"Williams",Mentha Cunninghamii.
64,Hitara,"Colenso",Cultivated variety of Ipornœa batatas.
65,Hiwai,"Williams",A general name for Solanum tuberosum.
66,Hohere,"Cunningham, Colenso, &c",Hoheria, populnea. Probably more correctly spelt Houhere.
67,Hohere,"Lyall",Gay a Lyallii.
68,Hoho,"F. A. D. Cox",Pseudopanax chathamicum. Probably should be Houbou.
69,Hohoeka,"Lyall, Williams",Pseudopanax crassifolium.
70,Hoihere,"Colenso, Williams",Hoheria populnea.
71,Hokataka,"F. A. D. Cox",Corokia macrocarpa.
72,Homanoroa,"Elsdon Best",Panax Edgerleyi. Possibly should be Houmanoroa.
73,Hona,"Elsdon Best",Fruit of Fuchsia excorticata.
74,Horoeka,"Polack, Cunningham, Colenso",Pseudopanax crassifolium.
75,Horokaka,"Williams",Mesembryanthemum australe.
76,Horokio,"Williams",Lomaria capensis.
77,Horopito,"Colenso, Williams",Drimys axillaris.
78,Horopito,"R. H. Matthews",Alseuosmia macrophylla.
79,Houama,"Williams",Entelca arborescens.
80,Houhere,"Colenso, Williams",Hoheria populnea.PAGE 1096
81,Houhi,"Williams, Elsdon Best",Hohcria populnea.
82,Houhou,"Williams, Elsdon Best",Panax arboreum.
83,Houi,"Colenso",Hoheria populnea.
84,Houi,"Traill",Plagianthus betulinus.
85,Houka,"Hector",Cordyline australis. Doubtless a misspelling for Kouka.
86,Houma,"Hector, Tregear",Sophora tetraptera.
87,Houmapara,"Williams",Pseudopanax Lessonii.
88,Houparapara,"Williams",Pseudopanax Lessonii.
89,Houpara,"Williams",Pseudopanax Lessonii.
90,Huamango,"Williams",Cultivated variety of Solanum tuberosum.
91,Huarua,"Elsdon Best",Seeds of Coriaria ruscifolia.
92,Hue,"Colenso, Williams",Lagenaria vulgaris. Also a general name for all gourds,
93,Hue-o-Raukatauri,"Elsdon Best",Ourisia macrophylla.
94,Huiupoko,"Williams",Cultivated variety of Ipomæa batatas.
95,Hunangamoho,"Colenso",Stipa arundinacea.
96,Hunangamoho,"Williams",Danthonia Cunninghamii.
97,Hune,"Colenso, Williams",Feathery seeds of Typha.
98,Hupiro,"Colenso",Coprosma fœtidissima.
99,Huruhuru-o-nga-waewae-o-Paoa,"Williams",Todea superba.
100,Huruhuruwhenua,"Williams",Asplenium lucidum.
101,Hutihuti,"Williams",Cultivated variety of I pomœa batatas.
102,Hutiwai,"Lyall, Williams",Acœna sanguisorbœ.
103,Hutu,"Colenso",Fagus fusca.
104,Hutu,"Hector",Ascarina lucida.
105,Hutukawa,"Williams",Metrosideros tomentosa.
106,Ihupuku,"Williams",Cultivated variety of I pomœa batatas.
107,Inaka,"Traill",Dracophyllum longifolium
108,Inakaporiro,"Williams",Cyathodes acerosa.
109,Inihina,"A. Shand",Melicytus ramiflorus. Chatham Island. Probably should be Inaina, Percy Smith.
110,Irirangi,"Elsdon Best",Hymenophyllum demissum and H. dilatatum.
111,Kahakaha,"Colenso, Williams",Astelia Solandri.
112,Kahia,"Williams",Passiflora tetrandra.
113,Kahika,"Williams",Podocarpus dacrydioides.
114,Kahikatea,"Yate, Cunningham, Colenso, &c",Podocarpus dacrydioides.
115,Kahikatoa,"Yate, Colenso, Williams",Leptospermum scoparium.
116,Kahikomako,"Colenso, Williams",Pennantia corymbosa.
117,Kaho,"Cunningham",Linum monogynum.
118,Kahuorangi,"Williams",Cultivated variety of Colocasia antiquorum.
119,Kai,"Williams",Podocarpus spicatus.
120,Kaihuia,"Williams",Rhopalostylis sapida.
121,Kaikaia,"Percy Smith",Acœna sanguisorbœ,.
122,Kaikaiaruhe,"Percy Smith",Acœna sanguisorbœ.
123,Kaikaiatua,"Williams",Rhabdothamnus Solandri.
124,Kaikaiatua,"Williams",Leucopogon fasciculatus.
125,Kaikaka,"Colenso",Cultivated variety of I pomœa batatas.
126,Kaikaro,"Colenso",Pittosporum crassifolium.
127,Kaikaro,"Percy Smith",Pittosporum tenuifolium.
128,Kaikatea,"Polack, &c",Podocarpus dacrydioides. Evidently a misspelling of Kahikatea.
129,Kaikawaka,"Colenso",Libocedrus Doniana.
130,Kaikomako,"Colenso, Williams",Pennantia corymbosa.
131,Kaiku,"Colenso",Parsonsia capsularis.
132,Kaimanu,"Williams",Passiflora tetrandra.
133,Kairorowhare,"Colenso",Cultivated variety of I pomœa batatas.
134,Kaiweta,"Percy Smith.",Melicytus lanceolatus.PAGE 1097
135,Kaiwhiria,"Colenso",Hedycarya arborea.
136,Kaiwhiria,"Williams",Parsonsia capsularis.
137,Kaiwiria,"Hector",Panax simplex.
138,Kakaha,"Hector",Astelia nervosa.
139,Kakaho,"Colenso, Williams",Culms of Arundo conspicua.
140,Kakaramu,"Williams",Coprosma robusta and C. lucida.
141,Kakarangu,"Williams",Coprosma robusta.
142,Kakareao. Rhipogonum scandens.
143,Kakatarahae,"Colenso",Cultivated variety of Ipomoœa batatas.
144,Kakatarahae,"Williams",Cultivated variety of Colocasia antiquorum.
145,Kamahi,"Williams",Weinmannia racemosa.
146,Kamu,"Williams",Bidens pilosa.
147,Kanawa,"Colenso",Cultivated variety of I pomœa batatas.
148,Kanga,"Williams",Zea mays.
149,Kanono,"Williams",Coprosma grandifolia.
150,Kanuka,"Williams",Leptospermum ericoides.
151,Kaoho,"Elsdon Best",Fruiting specimens of Solanum aviculare.
152,Kapana,"Williams",A general name for Solanum tuberosum.
153,Kapara,"Williams",Resin of Podocarpus dacrydioides.
154,Kapia,"Colenso, &c",Resin of Agathis australis.
155,Kapuka,"Traill, Williams",Griselinia littoralis.
156,Karaka,"Cunningham, Colenso, Williams, &c",Corynocarpus lœvigatus,
157,Karamu,"Colenso, Williams",Coprosma robusta and C. lucida.
158,Karamu,"Colenso",Coprosma fœtidissima.
159,Karamuramu,"Williams",Coprosma robusta.
160,Karangu,"Colenso, Williams",Coprosma robusta and C. lucida-.
161,Kareao,"Colenso, Williams",Rhipogonum scandens.
162,Karetu,"Colenso, Williams",Hierochloe redolens.
163,Karito,"Lyall, Williams",Typha angustifolia.
164,Karo,"Colenso, Williams",Pittosporum crassifolium.
165,Karo,"Colenso",Pittosporum cornifolium.
166,Katea,"Williams",Podocarpus dacrydioides.
167,Katoa,"Williams",Leptospermum scoparium.
168,Katote,"Williams",Hemitelia Smithii.
169,Katote,"Percy Smith",Cyathea dealbata.
170,Katoto,"Williams",Cultivated variety of I pomœa batatas.
171,Katute,"Hector",Dicksonia antarctica.
172,Kauere,"Colenso, Williams",Vitex lucens.
173,Kauhangaroa,"Williams",Phormium tenax.
174,Kauka,"Tregear",Cordyline australis.
175,Kauri,"Yate, Polack, Cunningham, &c",Agathis australis.
176,Kauto Kautowhau,"Colenso",Cultivated varieties of I pomœa batatas,
177,Kawa,"Williams",Piper excelsum.
178,Kawaka,"Yate, Cunningham, Colenso, &c",Libocedrus Doniana.
179,Kawakawa,"Colenso, Williams",Piper excelsum.
180,Kawakawa,"Colenso, Williams",Cultivated variety of I pomœa batatas.
181,Kawakawa,"Elsdon Best",Lomaria fluviatilis.
182,Kawakawa-tawhiti,"Colenso",Cultivated variety of I pomœa batatas.
183,Kawau,"Williams",Cultivated variety of I pomœa batatas.
184,Keha,"Williams",Brassica campestris.
185,Keka,"Williams",Hirneola polytricha.
186,Keketerehe,"F. A. D. Cox",Olearia Chathamica.
187,Kengo,"Colenso",Cultivated variety of I pomœa batatas.
188,Kiekie,"Colenso, Williams, &c",Freycinetia Banksii.
189,Kinakina,"Colenso",Cultivated variety of Colocasia antiquorum.
190,Kiokio,"Williams, Elsdon Best",Lomaria capensis.
191,Kiokiorangi,"Colenso",Cultivated variety of I pomœa batatas.PAGE 1098
192,Kirikaraka,"Williams",Cultivated variety of I pomœa batatas.
193,Kiwikiwi,"Elsdon Best",Lomaria fluviatilis.
194,Koare,"Williams",Panax Edgerleyi.
195,Koare,"Lindsay",Typha angustifolia.
196,Koareare,"Williams",Panax Edgerleyi.
197,Koareare,"Williams",Rhizome of Typha angustifolia.
198,Koareare,"Colenso",Cultivated variety of Colocasia antiquorum.
199,Koeata,"Williams",Young shoots of Pteris aquilina.
200,Kohe,"Williams",Passiflora tetrandra.
201,Kohe,"Williams",Dysoxylum spectabile.
202,Kohekohe,"Yate, Colenso, &c",Dysoxylum spectabile.
203,Kohepi,"Williams",Flowers of Dysoxylum spectabile.
204,Kohepiro,"Williams",Angelica rosœfolia.
205,Koheriki,"Colenso, Williams",Angelica rosœfolia.
206,Koheriki,"Cunningham, Williams",Bidens pilosa.
207,Koheriki,"Percy Smith",Melicope ternata.
208,Kohi,"Hector",Schefflera digitata.
209,Kohia,"Colenso, Williams",Passiflora tetrandra.
210,Kohoho,"Colenso, Williams",Solanum aviculare.
211,Kohuhu,"Colenso",Pittosporum tenuifolium.
212,Kohukohu,"Colenso",Pittosporum tenuifolium.
213,Kohukohu,"Lindsay",Stellaria media.
214,Kohukohu,"Cunningham",Scleranthus biflorus.
215,Kohukohu,"Percy Smith",A general name for Moss.
216,Kohuorangi,"Colenso",Cultivated variety of Colocasia antiquorum,
217,Kohurangi,"Williams",Cultivated variety of Colocasia antiquorum.
218,Kohutuhutu,"Colenso",Fuchsia excorticata.
219,Koihu,"Williams",Pittosporum tenuifolium.
220,Kokaha,"Elsdon Best",Astelia Cunninghamii.
221,Kokaho,"Handbook",Arundo conspicua. Doubtless a misspelling for Kakaho.
222,Kokihi,"Colenso, Williams",Tetragonia expansa and T. trigyna.
223,Kokomuka,"Colenso, Williams",Veronica salicifolia.
224,Kokomuka-taranga,"Williams",Veronica parviflora.
225,Kokorangi,"Williams",Cultivated variety of I pomœa batatas.
226,Kokoromiko,"Williams",Veronica salicifolia.
227,Kokoromuka,"Williams",Veronica salicifolia.
228,Komeke,"Williams",Rhizome of Pteris aquilina prepared for eating
229,Konehu,"Williams",Cultivated variety of I pomœa batatas.
230,Konehu-raupo,"Williams",Pollen of Typha.
231,Konene,"R. H. Matthews",Fruit of Cassytha paniciutata.
232,Kongungu,"Williams",Small tubers of I pomœa batatas.
233,Konini,"Lyall, Williams",Fruit of Fuchsia excorticata.
234,Kopakipaki,"Williams",Zea mays.
235,Kopakopa,"Elsdon Best, Tregear",Trichomanes reniformr
236,Kopakopa,"Tregear",Myosolidium nobile.
237,Kopakopa,"Williams",Plantago spp.
238,Kopata,"Lyall",Pelargonium australe.
239,Kopata,"Colenso",Geum urbanum.
240,Kopi,"Tregear",Corynocarpus lœrigatus. Chatham Islands.
241,Kopi,"Polack",Fruit of Corynocarpus after steaming.
242,Kopia,"Williams",Kernels of Corynocarpus prepared for eating.
243,Kopoti,"Percy Smith",Ligusticum aromaticum.
244,Kopukapuka,"Elsdon Best",Ranunculus hirtus.
245,Kopungawha,"Percy Smith",Several species of Juncus.
246,Kopupu,"D'Urville",Scirpus lacustris.
247,Kopupungawha,"Williams, E. B. Dickson",Scirpus lacustris.
248,Kopupungawha,"E. B. Dickson",Several species of Juncus.
249,Kopupungawha,"Lindsay",Typha angustifolia.
250,Korari,"Colenso",Soape of Phormium tenax and P. Cookianum.PAGE 1099
251,Korari,"Williams",Phormium tenax,"the whole plant",
252,Korau,"Colenso, Williams",Cyathea medullaris.
253,Korau,"Williams",Brassica campestris.
254,Koreherehe,"Colenso, Williams",Cultivated variety of I pomœa batatas.
255,Koreirei,"Colenso, Williams",Rhizome of Typha.
256,Korikori,"Tregear",Ranunculus insignis.
257,Korito,"Percy Smith",Young shoots of Typha angustifolia.
258,Koroi,"Colenso, Williams",Fruit of Podocarpus dacrydioides.
259,Korokio,"Colenso, Williams",Corokia buddleoides.
260,Korokio,"H. C. Field",Lomaria capensis and L. vulcamca.
261,Korokio-taranga,"Cunningham, Colenso",Corokia buddleoides.
262,Koromiko,"Colenso, Williams",Veronica salicifolia and allied species.
263,Koromiko-taranga,"Colenso",Veronica parviflora.
264,Koromiko-taranga,"Williams",Pimelea longifolia.
265,Koromuka,"Colenso, &c",Veronica salicifolia and allied species.
266,Koromuti,"Hector",Panax simplex.
267,Koropiu,"Percy Smith",Lomaria capensis.
268,Koropuka,"Williams",Variety of Gaultheria antipoda.
269,Kotara,"Elsdon Best",Panax Edgerleyi.
270,Kotete,"Williams",Schefflera digitata.
271,Kotipo,"Williams",Cultivated variety of Solanum tuberosum.
272,Kotukutuku,"Colenso, Williams",Fuchsia excorticata.
273,Kouka,"Lindsay",Cordyline australis.
274,Kouka,"Williams",Rhizome of Typha.
275,Kowhai,"Colenso, Williams",Sophora tetraptera.
276,Kowhai,"Elsdon Best",Geum urbanum.
277,Kowhaikura,"Williams",Potentilla anserina.
278,Kowhaingutukaka,"Cunningham, Colenso, &c",Glianthus puniceus,
279,Kowhangatara,"E. B. Dickson",Spinifex hirsutus.
280,Kowharawhara,"Colenso, Williams",Astelia Gunninghamii and A. Banksii.
281,Kowhitiwhiti,"Lindsay",Nasturtium officinale.
282,Kowhiwhi,"Williams",Pittosporum tenuifolium.
283,Kueo,"Elsdon Best",Berries of Coprosma grandifolia.
284,Kumara,"Polack, Cunningham, &c",I pomœa batatas.
285,Kumarahou,"Colenso, Williams",Pomaderris elliptica.
286,Kumarahou,"R. H. Matthews",Pomaderris Edgerleyi.
287,Kumarahou,"Williams",Quintinia serrata.
288,Kumarahou,"Elsdon Best",Angelica rosœfolia.
289,Kumarahou,"Elsdon Best",Olearia Colensoi.
290,Kumara-kai-torouka,"Williams",Olearia furfuracea.
291,Kupapa,"Cunningham",Passiflora tetrandra.
292,Kuranuipaka,"Williams",Dicksonia fibrosa.
293,Kurarangi,"Colenso",Cultivated variety of I pomœa batatas.
294,Kurawaka,"Percy Smith",Capsule of Phormium tenax.
295,Kurikuri,"Lyall",Aciphylla squarrosa and A. Colensoi.
296,Kuripaka,"Williams",Dicksonia fibrosa.
297,Kuriwao,"Hector",Rhipogonum scandens. Evidently a misspelling of Kareao.
298,Mahetau,"Williams",Solanum tuberosum.
299,Mahimahi,"Colenso, Williams",Elœocarpus Hookerianus.
300,Mahoe,"Yate, Cunningham, Colenso",Melicytus ramiflorus,
301,Mahoe,"F. A. D. Cox",Hymenanthera Chathamica.
302,Mahoewao,"Williams",Melicytus lanceolatus.
303,Mahonge,"Williams",A cultivated variety of Cordyline.
304,Mahunu,"Williams",Young shoots of Pteris aquilina.
305,Mahuri,"Raoul",Alternanthera sessilis.
306,Mai,"Cunningham, Williams",Podocarpus spicatus.
307,Maikaika,"Colenso",Orthoceras strictum.
308,Maikaika,"Lyall",Thelymitra pulchella.PAGE 1100
309,Maikaika,"Elsdon Best",Microtis porrifolia.
310,Maikaika,"Colenso",Arthropodium cirrkatum.
311,Maikuku,"Percy Smith",Thelymitra longifolia.
312,Maire,"Colenso, Williams",Olea Cunninghamii and O. lanceolata.
313,Maire,"Colenso, Williams",Fusanus Cunninghamii.
314,Mairehau,"Colenso",Phebalium nudum.
315,Maireraunui,"Colenso",Olea Cunninghamii.
316,Mairetawhake,"Colenso, Williams",Eugenia maire.
317,Makaka,"Hector",Carmichaelia australis.
318,Makaka,"Tregear",Ackama rosœfolia.
319,Makakaka,"Williams",Polygonum aviculare.
320,Makakauri,"Williams",Cultivated variety of I pomœa batatas.
321,Makatiti,"Williams",Cultivated variety of Colocasia antiquorum.
322,Makomako,"Cunningham, Colenso, &c",Aristotelia racemosa.
323,Makora,"F. A. D. Cox",Olearia semidentata.
324,Makururangi,"Colenso",Cultivated variety of I pomœa batatas.
325,Makutu,"Williams",Cultivated variety of I pomœa batatas.
326,Mamaika,"Williams",Orthoceras strictum.
327,Mamaku,"Colenso, Williams, &c",Cyathea medullaris.
328,Mamaku,"Colenso",Cultivated variety of Colocasia antiquorum.
329,Mamangi,"Williams",Coprosma. Baueri.
330,Mamangi,"E. B. Dickson",Coprosma arborea.
331,Manatu,"Williams",Plagianthus betulinus.
332,Manawa,"Cunningham, Colenso, &c",Avicennia officinalis.
333,Mangahuripapa,"Elsdon Best",Libertia ixioides.
334,Mangeao,"Colenso, Williams",Litsœa calicaris.
335,Mangemange,"Colenso, Williams",Lygodium articulatum.
336,Mania,"Williams",Carex lucida.
337,Manihi,"Williams",Potamogeton natans and P. Cheesemanii.
338,Manoao,"Colenso",Dacrydium Colensoi.
339,Manono,"Williams",Coprosma grandiflora.
340,Manuka,"Colenso, Williams, &c",Leptospermum scoparium.
341,Manukarauriki,"Colenso",Leptospermum ericoides.
342,Maomao,"Colenso",Cultivated variety of I pomœa batatas.
343,Maomao,"Williams",A variety of Phormium tenax.
344,Mapara,"Colenso",Heart-wood of Dacrydium cupressinum.
345,Mapau,"Colenso, Williams",Myrsine Urvillei.
346,Mapauriki,"Cunningham",Pittosporum tenuifolium.
347,Mapere,"Williams",Gahnia spp.
348,Mapou,"Williams",Myrsine Urvillei.
349,Mapua,"Colenso",Cultivated variety of I pomœa batatas.
350,Maramawhiti,"Colenso",Cultivated variety of I pomœa batatas.
351,Maratata,"Williams",Poly podium Billardieri.
352,Marere,"Williams",Variety of I pomœa batatas used in the ceremony of pure.
353,Mariri,"Williams",Unripe fruit of Beilschmiedia Tawa.
354,Marohi,"Williams",Rhizome of Ptcris aquilina.
355,Maru,"Williams",Leptospermum ericoides.
356,Maru,"Colenso, Williams",Sparganium antipodum.
357,Maruru,"Elsdon Best",Ranunculus hirtus.
358,Mata,"Williams",Carex teretiuscula.
359,Matai,"Yate, Colenso, Williams, &c",Podocarpus spicatus.
360,Mataira,"F. A. D. Cox",Myrsine Urvillei. Chatham Islands.
361,Matakauri,"Colenso, Williams",Cultivated variety of I pomœa batatas.
362,Matamatahuia,"Williams",Linum monogynum.
363,Matangoa,"Hugel",Cardamine stylosa.
364,Matata,"Williams",Rhabdothamnus Solandri.
365,Matata,"Elsdon Best",Pteris scaberula and P. incisa.
366,Matatiti,"Colenso",Cultivated variety of Colocasia antiquorum.PAGE 1101
367,Matau,"Elsdon Best",Uncinia spp.
368,Matau-a-Maui,"Williams",Uncinia australis.
369,Matauririki,"Elsdon Best",Uncinia leptostachya and U. riparia.
370,Matawaiwai,"Williams",Cultivated variety of I pomœa batatas.
371,Mati,"Tregear",Fruit of Fuchsia excorticata.
372,Matipou,"Lyall, Williams",Myrsine Urvillei.
373,Matou,"Williams",Fruit of Drimys axillaris.
374,Matuakumara,"Colenso",Geranium dissectum.
375,Matuamauku,"Elsdon Best",Hymenophyllum dilatatum.
376,Matukuroimata,"R. H. Matthews",Alseuosmia quercifolia, A. Banksii, and A. linearifolia.
377,Maukoro,"Lindsay, Williams",Carmichaelia flagelliformis.
378,Mauku,"Williams",Cordyline pumilio.
379,Mauku,"Williams",Hymenophyllum spp.
380,Mauku,"Elsdon Best",Asplenium bulbiferum.
381,Maurea,"Williams",Carex lucida and C. comans.
382,Mauri,"Elsdon Best",Astelia sp.
383,Mauri,"Williams",Totara timber of dark colour.
384,Mawe,"Elsdon Best",Galium umbrosum.
385,Mawhai,"Colenso, Williams",Sicyos angulatus.
386,Mawhai,"R. H. Matthews",Cassytha paniculata.
387,Meke,"Williams",Rhizome of Pteris aquilina.
388,Mengirangi,"Colenso",Cultivated variety of I pomœa batatas.
389,Mikimiki,"Williams",Cyathodes acerosa.
390,Miko,"Williams",Rhopalostylis sapida.
391,Mikoikoi,"Percy Smith",Libertia ixioides.
392,Mingi,"Lindsay",Coprosma propinqua.
393,Mingi,"Colenso",Cyathodes acerosa and Leucopogon fasciculatus.
394,Mingimingi,"Lindsay, Williams",Cyathodes acerosa and Leucopogon fasciculatus.
395,Miro,"Yate, Cunningham, Colenso, &c",Podocarpus ferrugineus.
396,Moeahu,"Williams",Melicytus ramiflorus.
397,Mohani,"Williams",Rhizome of Pteris aquilina.
398,Moheke Moii,"Williams",Cultivated variety of I pomœa batatas.
399,Mokimoki,"Colenso",Doodia caudata.
400,Mokimoki,"Williams",Mentha Cunninghamii.
401,Mokopiko,"Bidwill",Libocedrus Doniana.
402,Monehu,"Williams",Young shoots of Pteris aquilina.
403,Monenehu,"Colenso, Williams",Cultivated variety of I pomœa batatas.
404,Monoao,"Williams",Dracophyllum subulatum.
405,More,"Williams",A variety of the timber of Agathis australis.
406,Motuhanga,"Percy Smith",Rhizome of Pteris aquilina.
407,Mouki,"Percy Smith",Asplenium bulbiferum.
408,Mouku,"Tregear",Marattia salicina.
409,Mouku,"Percy Smith",Asplenium bidbiferum.
410,Mounga,"H. C. Field",Lygodium articulatum.
411,Muka,"Mantell, Williams",Rhopalostylis sapida.
412,Muka,"Colenso, Williams",Prepared fibre of Phormium.
413,Mukimuki,"Williams",Doodia caudata.
414,Munga,"Williams",Rhopalostylis sapida.
415,Nahinahi,"Lindsay, Williams",Calystegia sepium.
416,Nahui,"Cunningham",Alternanthera sessilis.
417,Namunamu,"Elsdon Best",Geranium molle.
418,Nani,"Williams",Brassica campestris.
419,Nao,"D'Urville",Linum monogynum.
420,Napuka,"Cunningham",Veronica speciosa.
421,Nau,"Williams",Lepidium oleraceum.PAGE 1102
422,Naupata,"Colenso, Williams",Coprosma Baueri.
423,Naupiro,"Tregear",Coprosma fœtidissima.
424,Neinei,"Colenso, Williams",Dracophyllum latifolium.
425,Neinei,"Lyall",Carmichaelia spp.
426,Neineikura,"Williams",Hemitelia Smithii.
427,Ngaio,"Colenso, Williams",Myoporum Iœtum.
428,Ngakaukore,"Tregear",Carmichaelia sp.
429,Ngakaukuri,"Williams",Cultivated variety of I pomœa batatas.
430,Ngakomoa,"Colenso",Cultivated variety of I pomœa batatas.
431,Ngapara,"Percy Smith",Resinous heart-wood of Dacrydium cupressinum.
432,Ngaue,"Williams",Cultivated variety of Colocasia antiquorum.
433,Ngawha,"Lindsay",Typha angustifolia.
434,Ngohungohu,"Elsdon Best",Cyathodes acerosa and Leucopogon fasciculatus.
435,Ngongoro,"Colenso",Cultivated variety of Colocasia antiquorum.
436,Nikau,"Cunningham, Colenso, Williams, &c",Rhopalostylis sapida.
437,Niko,"Williams",Brassica sp.
438,Niniao,"Elsdon Best",Helichrysum glomeratum.
439,Niniwa,"Williams",Gaultheria oppositifolia.
440,Oho,"Hector, Tregear",Pseudopanax Lessonii. Probably a mistake for Houhcu,
441,Ohoeka,"Lindsay, Williams",Pseudopanax crassifolium.
442,Oioi,"Colenso",Leptocarpus simplex.
443,Ongaonga,"Colenso, Williams",Urtica ferox and U. incisa.
444,Orewa,"Hector",Sideroxylon costatum.
445,Oru,"Cunningham, Colenso",Colensoa physaloides.
446,Oue,"Williams",A variety of Phormium tenax.
447,Paea,"Williams",Cultivated variety of I pomœa batatas.
448,Paea,"Percy Smith",Brassica oleracea.
449,Paeangaanga,"Colenso, Williams",Cultivated variety of Colocasia antiquo.um,
450,Paetai,"Percy Smith",Avicennia officinalis.
451,Pahau,"Percy Smith",Cultivated variety of Lagenaria vulgaris.
452,Pahau-kakapo,"Elsdon Best",Dawsonia superba.
453,Pahautea,"Colenso",Libocedrus Bidwillii.
454,Pahengahenga,"Williams",Geniostoma ligustrifolium.
455,Paihaukaka,"Colenso",Cultivated variety of I pomœa batatas.
456,Pakakohi,"Williams",Rhizome of Pteris aquilina.
457,Pakaue,"Williams",Cultivated variety of Colocasia antiquorum.
458,Pakauroharoha,"Elsdon Best",Polypodium pennigerum.
459,Pakue,"Hector",Dicksonia squarrosa.
460,Panahi,"Colenso",Cultivated variety of I pomœa batatas.
461,Panahi,"Colenso, Williams",Calystegia sepium.
462,Panahi,"R. H. Matthews",I pomœa palmata.
463,Panake,"Colenso",Calystegia sepium.
464,Panakenake,"Elsdon Best",Pratia angulata.
465,Panako,"Williams",Asplenium obtusatum and A. lucidum.
466,Panapana,"Colenso",Cardamine hirsuta.
467,Pane,"Colenso",Cultivated variety of I pomœa batatas.
468,Papa,"Williams",Geniostoma ligustrifolium.
469,Papahaoa,"Williams",Cultivated variety of I pomœa batatas.
470,Papaii,"Colenso",Aciphylla squarrosa.
471,Papaka,"Williams",Cultivated variety of Solanum tuberosum.
472,Papakoura,"Elsdon Best",Epilobium micropkyllum.
473,Papataniwhaniwha,"Williams",Lagenophora Forsteri.
474,Papauma,"Colenso",Coprosma grandifolia.
475,Papauma,"Williams",Griselinia littoralis.
476,Para,"Colenso, Williams",Marattia fraxinea.
477,Para,"Williams",Cultivated variety of Cordyline.
478,Paraharaha, Elsdon Best",Polypodium Billardieri.PAGE 1103
479,Parahia,"Colenso",Chenopodium pusillum.
480,Parakaraka,"Colenso, Williams",Cultivated variety of I pomœa batatas.
481,Paranako,"Williams",Asplenium obtusatum and A. lucidum.
482,Parani,"Elsdon Best",Lagenophora petiolata.
483,Parapara,"Colenso",Pisonia Brunoniana.
484,Parapara,"Williams",Pseudopanax Lessonii.
485,Parapara,"Elsdon Best",Panax arboreum.
486,Parara,"Williams",Rhizome of Pteris aquilina,
487,Parareka,"Williams",Solanum tuberosum.
488,Parareka,"H. C. Field",Marattia fraxinea.
489,Parataniwha,"Lyall, Colenso",Elatostemma rugosum.
490,Paratawhiti,"Williams",Orthoceras striatum.
491,Paratawhiti,"H. C. Field, E. B. Dickson",Marattia fraxine -
492,Parate,"Williams",Zea mays.
493,Parenako,"Williams",Asplenium obtusatum and A. lucidum.
494,Parerarera,"Lindsay, Williams",Plantago sp.
495,Paretao,"Colenso",Asplenium obtusatum and A. lucidum.
496,Paretarakihi,"Percy Smith",Cultivated variety of Lagenaria vulgaris.
497,Paretaua,"Williams",Cultivated variety of I pomœa batatas.
498,Parete,"Williams",Solarium tuberosum.
499,Paritaniwha,"Williams",Variety of PJiormium tenax.
500,Pata,"Williams",Leptospermum scoparium.
501,Patai,"Colenso",Cultivated variety of Colocasia antiquorum.
502,Patate,"Lyall, Williams",Schefflera digitata.
503,Pate,"Polack, Cunningham, Colenso, &c",Schefflera digitata.
504,Patea,"Colenso",Cultivated variety of Ipomcea batatas
505,Patete,"Williams",Schefflera digitata.
506,Patiti,"Williams",Microlœna stipoides.
507,Patiti,"Tregear",Agropyrum scabrum.
508,Patotara,"Colenso, Elsdon Best",Leucopogon Fraseri.
509,Patotara,"Lyall",Cyathodes acerosa.
510,Patotara,"Colenso",Botrychium ternatum,
511,Patutiketike,"Elsdon Best",Goprosma grandifolia and C. lucida.
512,Pau,"Williams",Cultivated variety of Solanum tuberosum.
513,Pauaatahu,"Colenso",Cultivated variety of I pomœa batatas.
514,Pehiakura,"Williams",Dicksonia squarrosa. Erroneously spelled by Lindsay as Oehiakuri, and inserted in that form in the Handbook.
515,Pehu,"Colenso",Cultivated variety of I pomœa batatas.
516,Pehu,"Williams",Cultivated variety of Colocasia antiquorum.
517,Pekapeka,"Lyall",Erechtites quadridentata.
518,Peka-a-waka,"Elsdon Best",Earina mucronata.
519,Pekepeke,"Williams",Celmisia longifolia.
520,Peoi,"Williams",Solanum aviculare.
521,Pepepe,"Williams",Cladium Sinclairii.
522,Pepepe,"Elsdon Best",Dianella intermedia.
523,Pere,"Colenso",Alseuosmia Banksii.
524,Perehia,"Williams",Deyeuxia Forsteri.
525,Perei,"Colenso",Gastrodia Cunninghamii.
526,Peretao,"Elsdon Best",Lomaria Patersoni.
527,Peretao,"Elsdon Best",Asplenium falcatum.
528,Petako,"Elsdon Best",Asplenium falcatum.
529,Petipeti,"Elsdon Best",Lomaria discolor
530,Piamanuka,"Colenso",Manna-like exudation of Leptospermum scoparium,
531,Piho,"Williams",Cultivated variety of Solanum tuberosum.
532,Pikiarero,"Colenso",Clematis hexasepala and C. indivisa.
533,Pikirangi,"Tregear",Loranthus sp.
534,Pikoko,"Williams",A variety of Phormium tenax.
535,Pinakitere,"Lindsay",Geranium dissectum.
536,Pinakitere,"Williams",Ligusticum sp.PAGE 1104
537,Pinatoro,"Williams",Pimelea lœvigata.
538,Pingao,"Colenso, Williams",Scirpus frondosus.
539,Piopio,"Williams",Dianella intermedia.
540,Pipiko,"Elsdon Best",Aspidium Richardi.
541,Pipiko-kauhangaroa,"Williams",Cultivated variety of I pomœa batatas.
542,Pirikahu,"Colenso, Williams",Accena sanguisorbœ.
543,Pirinoa,"Williams",Loranthus sp.
544,Piripiri,"Colenso, Williams",Accena sanguisorbœ.
545,Piripiri,"Cunningham, Williams",Haloragis tetragyna and H. micrantha.
546,Piripiri,"Colenso",Bulbophyllum pygmœum.
547,Piripiri,"Williams, Elsdon Best",Hymenophyllum polyanthos and H. demissum.
548,Piripiriwhata,"Cunningham, Williams",Carpodetus serratus.
549,Pirita,"Colenso, Williams",Rhipogonum scandens.
550,Pirita,"Colenso",Tupeia aniarctica.
551,Piriwhetau,"Williams",Acœna sanguisorbœ.
552,Pitau,"Lindsay, H. C. Field",Cyathea medullaris.
553,Piupiu,"Colenso",Poly podium pennigerum.
554,Piupiu,"Williams",Lomaria procera.
555,Piupiu,"H. C. Field",Lomaria discolor.
556,Poananga,"Williams",Clematis hexasepala.
557,Poataniwha,"Elsdon Best",Melicope simplex.
558,Pohata,"Williams",Brassica campestris.
559,Pohue,"Colenso",Calystegia sepium.
560,Pohuehue,"Williams",Muhlenbeckia complexa.
561,Pohuehue,"Hector",Passiflora tetrandra.
562,Pohutukawa,"Yate, Cunningham, Colenso",Metrosideros tomentosa.
563,Pohutukawa,"Colenso",Asplenium flaccidum.
564,Pohutukawa,"Colenso",Cultivated variety of I pomœa batatas.
565,Poipapa,"E. B. Dickson",Chenopodium triandrum.
566,Pokaka,"Colenso, Williams",Elœocarpus Hooherianus. In some districts also applied to E. dentatus.
567,Pokere Pokerehu,"Williams",Fruit of Beilschmiedia Tawc.
568,Pokerekahu,"Colenso, Williams",Cultivated variety of I pomœa batatas.
569,Pokopokonuihauru. Clematis parviftora.
570,Ponga,"Colenso, Williams, &c",Cyathea dealbata.
571,Pongi,"Colenso, Williams",Cultivated variety of Colocasia antiquorum.
572,Poniu,"Williams",Nasturtium palustre.
573,Popihui,"Hector",Libertia pulchella.
574,Popohui,"Hector",Arthropodium cirrhatum.
575,Popopo,"E. B. Dickson",Solanum aviculare.
576,Poporo,"Williams",Solanum aviculare and S. nigrum.
577,Poporokaiwhiri,"Williams",Hedycarya dentata.
578,Poranga,"Colenso",Cultivated variety of I pomœa batatas.
579,Porerarua,"Williams",Erigeron canadensis.
580,Porokaiwhiria,"Colenso",Hedycarya dentata.
581,Poroporo,"Cunningham, Colenso, Williams, &c",Solanum aviculare and S. nigrum.
582,Poroporo-tanguru,"Williams",Solanum aviculare.
583,Pororua,"Colenso, Williams",Sonchus oleraceus.
584,Potaetae,"Williams",Clematis hexasepala.
585,Potango,"Colenso",Cultivated variety of Colocasia antiquorum.
586,Potango,"Williams",A variety of Phormium tenax.
587,Pou,"Kirk",Sideroxylon costatum.
588,Pouaka,"Williams",Festuca littoralis.
589,Pouhawaiki,"Williams",Erigeron canadensis.
590,Powhiwhi,"P. H. Matthews",I pomœa palmata.
591,Powhiwhi,"R. H. Matthews",Calystegia tuguriorum.PAGE 1105
592,Powhiwhi,"E. B. Dickson",Passiflora tetrandra.
593,Puahou,"Elsdon Best",Panax arboreum.
594,Puakaito,"Elsdon Best",Celmisia spectabilis.
595,Puakarimu,"E. B. Dickson",Lycopodium densum.
596,Pua-o-te-reinga,"Rev. R. Taylor",Dactylanthus Taylori.
597,Puarangitoto,"Williams",Senecio perdicioides.
598,Puareinga,"Rev. R. Taylor",Dactylanthus Taylori.
599,Puarere,"Tregear",Spinifex hirsutus.
600,Puatahoe,"Williams",Cultivated variety of I pomœa batatas
601,Puatataua,"E. B. Dickson",Clematis hexasepala.
602,Puataua,"Percy Smith",Clematis hexasepala.
603,Puatautaua,"Williams",Clematis hexasepala.
604,Puatawhiwhi,"Williams",Metrosideros florida.
605,Puatea,"Williams",Gnaphalium keriense.
606,Puatea,"E. B. Dickson",Craspedia fimbriata.
607,Puawananga,"Colenso, Lindsay, &c",Clematis indivisa. Sometimes spelled Puawhananga.
608,Puharetaiko,"Kirk",Celmisia spectabilis.
609,Puheretaiko,"Lyall, Traill",Senecio rotundifolius.
610,Punikawa. Drimys axillaris.
611,Puhou,"Lyall, Williams",Coriaria ruscifolia.
612,Puka,"Colenso",Meryta Sinclairii.
613,Puka,"Colenso, Williams",Griselinia lucida.
614,Puka,"Elsdon Best",Eugenia maire.
615,Puka,"Cunningham, Colenso, Williams",Muhlenbeckia auslralis.
616,Pukapuka,"Colenso, Williams",Brachyglottis repanda.
617,Pukariao,"Tregear",Paratrophis heterophylla.
618,Pukariao,"Hector",Brachyglottis repanda.
619,Pukatea,"Colenso, Williams, &c",Laurelia novce-zelandiœ.
620,Pukurau,"Williams",Ileodictyon cibarium.
621,Punawaru,"Williams",Siegesbeckia orientalis.
622,Punaweta,"Traill",Carpodetus serratus.
623,Pungapunga,"Colenso, Williams",Pollen of Typha angustifolia.
624,Puniu,"Elsdon Best",Todea superba.
625,Puniu,"Williams",Aspidium aculeatum.
626,Punui,"Williams",Aralia Lyallii.
627,Punui,"Colenso",Cyathea Cunninghamii.
628,Punuiarata,"Williams",Cultivated variety of I pomœa batatas.
629,Purata,"Colenso",Cultivated variety of I pomœa batatas.
630,Purekireki,"Williams",Carex teretiuscula.
631,Puriri,"Yate, Polack, Cunningham, &c",Vitex lucens.
632,Putaputaweta,"Williams",Carpodetus serratus.
633,Puwatawata,"Elsdon Best",Enargea marginata.
634,Puwha,"Colenso",Sonchus oleraceus.
635,Puwharawhara,"Williams",Astelia Banksii.
636,Puwharetaiko,"Williams",Senecio rotundifolius.
637,Puwhaureroa,"Williams",Senecio latifolius.
638,Puwhaureroa,"Williams",Pisonia Brunoniana.
639,Rakurahu,"Lindsay, Williams",Pteris aquilina.
640,Ramarama,"Cunningham, Colenso, &c",Myrtus bullata.
641,Ramarama,"Williams",Drimys colorata.
642,Rangiora,"Colenso, Williams",Brachyglottis Rangiora.
643,Raoriki,"Williams",Ranunculus macropus.
644,Raparaparuru,"Williams",A variety of Solanum tuberosum.
645,Rape,"Williams",A variety of Solanum tuberosum.
646,Rarahu Rarauhe,"Williams",Pteris aquilina.
647,Rarauhe Rata,"Yate, Polack, Cunningham, &c",Metrosideros robusta.PAGE 1106
648,Rata,"Lyall",Metrosideros lucida.
649,Rata,"Lyall",Metrosideros florida.
650,Ratapiki,"Cunningham",Metrosideros florida.
651,Rataroa,"Elsdon Best",Variety of Phormium tenax.
652,Rauaruhe,"Williams",Pteris aquilina.
653,Rauhuia,"Colenso",Linum monogynum.
654,Raukatauri,"Elsdon Best",Asplenium flaccidum.
655,Raukawa,"Colenso",Panax Edgerleyi.
656,Raukumara,"Williams",Senecio perdicioides.
657,Raumanga,"E. B. Dickson",Polypodium Billardieri.
658,Raumataki,"Colenso",Cultivated variety of I pomœa batatas.
659,Raumoa,"Tregear",Spinifex hirsutus.
660,Raupeka,"Elsdon Best",Earina suaveolens.
661,Raupeti,"Colenso, Williams",Solanum nigrum.
662,Raupo,"Polack, Colenso, Williams",Typha angustifolia.
663,Raurakau,"Williams",Brachyglottis repanda.
664,Raurakau,"Williams",Coprosma grandifolia.
665,Rauraua,"Edgerley",Panax Edgerleyi.
666,Raurekau,"Williams",Coprosma grandifolia.
667,Raurenga,"Williams",Trichomanes reniforme.
668,Rauriki,"Williams",Sonchus oleraceus.
669,Rauroroa,"Williams",Sonchus asper.
670,Rautahi,"Colenso",Carex ternaria.
671,Rautawhiri,"Williams",Pittosporum tenuifolium and P. Colensoi.
672,Rautini,"G. Mair",Senecio Huntii.
673,Rauwiri,"Cunningham",Leptospermum ericoides.
674,Renga,"Williams",Rhizome of Pteris aquilina.
675,Rengarenga,"Yate, Colenso, Williams",Arthropodium cirrhatum.
676,Rengarenga,"Williams",Tetragonia expansa.
677,Repehina,"Williams",Deyeuxia forsteri.
678,Repehina-papa,"Elsdon Best",Arthropodium candidum.
679,Rerehape,"Williams",A variety of Phormium tenax.
680,Rereti,"Elsdon Best",Lomaria lanceolata.
681,Rerewai,"Williams",Potamogeton natans and P. Cheesemanii.
682,Retoreto,"Williams",Azolla rubra.
683,Rewarewa,"Yate, Polack, Cunningham",Knightia excelsa.
684,Rimu,"Yate, Polack, Cunningham",Dacrydium cupressinum.
685,Rimu,"Bidwill",Dacrydium laxifolium.
686,Rimurapa,"Williams",D' Urvillœa utilis.
687,Ririwaka,"Colenso, Williams",Scirpus maritimus.
688,Riwai,"Williams",A general name for Solanum tuberosum.
689,Rohutu,"Colenso, Williams",Myrtus pedunculata and M. obcordata.
690,Roi,"Colenso, Williams",Rhizome of Pteris aquilina.
691,Rokeroke,"Williams",Cultivated variety of Solanum tuberosum.
692,Rongotainui,"Williams",A variety of Phormium tenax.
693,Ronui,"Colenso",Brachycome odorata.
694,Ropi,"Williams",Cultivated variety of Solanum tuberosum.
695,Rororo,"Williams",Olea montana.
696,Rukutia,"Williams",A variety of Phormium tenax.
697,Runa,"Williams",Rumex flexuosus.
698,Runa,"Cunningham",Plagianthus divaricatus.
699,Rutitira,"F. A. D. Cox",Cyathodes robusta.
700,Taeaka,"Williams",Cultivated variety of Solanum tuberosum.
701,Taewa,"Williams",A general name for Solanum tuberosum.
702,Tahanui,"Williams",Cultivated variety of Cordyline.
703,Tahune,"Williams",Downy seeds of Typha.
704,Taiawa,"Williams",A general name for Solanum tuberosum.
705,Taikura,"Williams",Heart-wood of timber trees.
706,Tainui,"Hector, Williams",Pomaderris apetala.PAGE 1107
707,Taitea,"Williams",Sap-wood of timber trees.
708,Takaka,"Williams",Pteris aquilina.
709,Takaka,"Percy Smith",Melicope ternata.
710,Takatakapo,"Colenso",Cultivated variety of Colocasia antiquorum.
711,Takirikau,"Williams",Applied to strong-fibred varieties of Phormium tenax.
712,Tamingi,"Hector",Epacris pauciflora.
713,Tamure,"Williams",A variety of Phormium tenax.
714,Tanae,"Williams",Cultivated variety of Colocasia antiquorum.
715,Taneawai,"Williams",A variety of Phormium tenax with bronzy foliage.
716,Tanehurangi,"Williams",Cultivated variety of I pomœa batatas.
717,Tanekaha,"Yate, Cunningham, Colenso, &c",Phyllocladus trichomanoides.
718,Tangeao,"Colenso, Williams",Litsœa calicaris.
719,Tangeo,"Williams",Litsœa calicaris.
720,Tanguru,"Williams",Olearia furfuracea.
721,Tapairu,"Williams, Elsdon Best",Senecio Kirkii.
722,Tapatapauma,"Williams",Griselinia littoralis.
723,Tapatapauma,"Williams",Coprosma grandifolia.
724,Tapia,"Elsdon Best",Tupeio antarctica.
725,Tapoto,"Williams",Applied to strong-fibred varieties of Phormium tenax.
726,Taputini,"Colenso",Cultivated variety of I pomœa batatas.
727,Tapuwaekotuku,"Williams",Gleichenia Cunninghamii.
728,Taraheke,"Williams",Rubus australis.
729,Taraire,"Polack, Cunningham, Colenso, &c.",Beilschmiedia Tarairi.
730,Taramaui,"Williams",Panax sp.
731,Taramea,"Colenso, Williams",Aciphylla Colensoi.
732,Taramoa,"Colenso",Rubus australis.
733,Taranga,"Williams",Pimelea longifolia.
734,Tarangarara,"Williams",Gahnia lacera.
735,Taranui,"Williams",Paspalum scrobiculatum.
736,Tarata,"Colenso, Williams",Pittosporum eugenioides.
737,Taratamata,"Williams",Cultivated variety of I pomœa batatas.
738,Tarawera,"Percy Smith",Pteris tremula.
739,Tarikupenga,"Tregear",Lygodium articulatum.
740,Taringa-o-Tiakiwai,"Williams",The fungus Hirneola polytricha.
741,Taro,"Cunningham, Colenso, &c",Colocasia antiquorum.
742,Taro-hoia,"Colenso, Williams",A recently introduced variety of Colocasia antiquorum.
743,Taroa,"Williams",Variety of Phormium tenax.
744,Tarutaru,"Williams",A general name for grasses, especially the smaller species.
745,Tatairongo,"Williams",Cultivated variety of Solanum tuberosum
746,Tataka,"Mantell",Melicope ternata.
747,Tatarahake,"Colenso",Coprosma acerosa.
748,Tataraheke,"Cunningham, Colenso, &c.",Rubus australis.
749,Tataramoa-turuhunga,"Elsdon Best",Rubus australis.
750,Tauhinu,"Colenso, Williams",Pomaderris phylicœfolia.
751,Tauhinu,"Hector",Podocarpus nivalis.
752,Tauhinu-korokio,"Williams",Cassinia leptophylla.
753,Tauhinu-koromiko,"Williams",Cassinia leptophylla.
754,Tauparapara,"Elsdon Best",Panax arboreum.
755,Taupata,"Percy Smith",Coprosma Baueri.
756,Taurapunga,"Colenso, Williams",Cultivated variety of I pomœa batatas.
757,Tautamahei,"Colenso",Cultivated variety of Colocasia antiquorum
758,Tawa,"Yate, Cunningham, Colenso, &c",Beilschmiedia Tawa.
759,Tawai,"Bidwill, Colenso, Williams",Fagus fusca and F. Menziesii.
760,Tawairauriki,"Hector",Fagus Solandri.
761,Tawaiwai,"Lindsay, Williams",Phyllocladus trichomanoides.
762,Tawao,"Williams",Carmichœlia sp.
763,Tawapou,"Colenso, Williams",Sideroxylon costatum.
764,Tawari,"Colenso, Williams",Ixerba brexioides.PAGE 1108
765,Taweke,"Williams",Sonchus asper.
766,Taweku,"Lindsay, Williams",Coriaria ruscifolia.
767,Tawhai,"Colenso, Williams",Fagus Menziesii and F. Solandri.
768,Tawhairaunui,"Colenso",Fagus fusca.
769,Tawhairauriki,"Colenso",Fagus Solandri.
770,Tawhara,"Colenso, Williams",Flowers of Freycinetia Banksii.
771,Tawhero,"Lyall, Colenso, Williams",Weinmannia sylvicola and W. racemosa.
772,Tawhewheo,"Williams, Elsdon Best",Quintinia serrata.
773,Tawhiri,"Williams",Pittosporum tenuifolium.
774,Tawhirikaro,"Lindsay",Pittosporum cornifolium.
775,Tawhiwhi,"Colenso",Pittosporum tenuifolium.
776,Tawiniwini,"Elsdon Best",Gaultheria antipoda.
777,Tete,"Williams",Todea superba.
778,Teteaweka,"Traill, Williams",Olearia angustifolia.
779,Teterereia,"Williams",Cultivated variety of I pomœa batatas.
780,Teure,"Williams",Fruit of Freycinetia Banksii.
781,Ti,"Colenso, &c",A general name for all the species of Cordyline.
782,Ti-kapu,"Colenso, Williams",Cordyline indivisa.
783,Ti-kapu,"Elsdon Best",Cordyline Banksii.
784,Ti-kauka,"Williams",Cordyline australis.
785,Ti-koraha,"Colenso",Cordyline pumilio.
786,Ti-kouka,"Colenso, Williams",Cordyline australis.
787,Ti-kupenga,"Lindsay",Cordyline pumilio.
788,Ti-mahonge,"Williams",A subvariety of the Ti-pa[unclear: r]a.
789,Ti-matakutai,"Williams",Cordyline indivisa.
790,Ti-ngahere,"Williams",Cordyline Banksii.
791,Ti-para,"Williams",Cordyline sp. Cultivated for the sugary root.
792,Ti-parae,"Hector",Cordyline Banksii.
793,Ti-pore,"Archdeacon Walsh",Cordyline terminalis.
794,Ti-rakau,"Hector",Cordyline australis.
795,Ti-tahanui,"Williams",A variety of the Ti-para.
796,Ti-tawhiti,"Hector",Cordyline sp.
797,Ti-toi,"Williams",Cordyline indivisa.
798,Ti-torere,"Williams",Cordyline Banksii.
799,Ti-whanake,"Williams",Cordyline australis.
800,Tihore,"Hector, Williams, &c",A name applied to a variety of Phormium tenax with remarkably strong fibre.
801,Tika,"Williams",Phormium tenax,"ordinary varieties",
802,Tikumu,"Colenso",Celmisia coriacea.
803,Tio,"Williams",Dicksonia squarrosa.
804,Tipau,"Colenso, Williams",Myrsine Urvillei.
805,Tirori,"Percy Smith",Fruit of Freycinetia Banksii.
806,Titirangi,"Lyall",Veronica speciosa.
807,Titoki,"Colenso, Williams",Alectryon excelsum.
808,Titongi,"Colenso, Williams",Alectryon excelsum.
809,Toatoa,"Colenso",Phyllocladus trichomanoides and P. glauca.
810,Toatoa,"D'Urville, Williams",Haloragis alata.
811,Toetoe,"Colenso, &c",Arundo conspicua.
812,Toetoe,"Colenso, &c",Mariscus ustulatus.
813,Toetoe,"Williams",A general name for large-leaved grasses and sedges.
814,Toetoe-hunangamoho,"Williams",Danthonia Cunninghamii.
815,Toetoe-kakaho,"Williams",Arundo conspicua.
816,Toetoe-kiwi,"Williams",Gahnia lacera.
817,Toetoe-rautahi,"Williams",Carex ternaria.
818,Toetoe-tarangarara,"Williams",Gahnia lacera.
819,Toetoe-tuhara,"Williams",Cladium Sinclairii.
820,Toetoe-upokotangata,"Williams",Mariscus ustulatus.
821,Toetoe-whatumanu,"Lyall, Williams",Mariscus ustidatus.PAGE 1109
822,Toheraoa,"Williams",Deyeuxia Forsteri.
823,Toi,"Colenso",Barbarea vulgaris.
824,Toii,"Colenso, &c",Cordyline indivisa.
825,Toikahikatea,"Colenso",Cultivated variety of I pomœa batatas.
826,Toitoi,"Colenso",Cultivated variety of I pomœa batatas.
827,Tokitoki,"Williams",Alectryon excelsum.
828,Tokotokohau,"Colenso",Cultivated variety of Colocasia antiquorum.
829,Tongitongi,"Williams",Alectryon excelsum.
830,Topitopi,"Mantell",Alectryon excelsum.
831,Toro,"Colenso, Williams",Persoonia Torn.
832,Toro,"Williams",Myrsine salicina.
833,Toroamahoe,"Colenso, Williams",Cultivated variety of I pomœa batatas.
834,Toroheke,"Williams",Pimelea arenaria.
835,Toromiro,"Colenso, Williams",Podocarpus ferrugineus.
836,Toropapa,"J. Adams",Alseuosmia macrophylla.
837,Toropapa,"Elsdon Best",Alseuosmia quercifolia.
838,Toroputa,"Percy Smith",Gaultheria sp.
839,Torotoro,"Lindsay, Williams",Metrosideros scandens.
840,Torowhenua,"Colenso",Cultivated variety of I pomœa batatas.
841,Toru,"Colenso",Persoonia Toru.
842,Totara,"Yate, Polack, Cunningham",Podocarpus totara.
843,Totara,"Lindsay",Cyathodes acerosa.
844,Totara,"Colenso, Williams",Leucopogon Fraseri.
845,Totara-kiri-kotukutuku,"Mantell",Libocedrus Doniana.
846,Totoroene,"Elsdon Best",Parsonsia capsularis.
847,Totorowhiti,"Williams",Dracophyllum strictum.
848,Towai,"Cunningham, Williams, &c.",Weinmannia sylvicola and W. racemosa.
849,Towai,"Raoul",Paratrophis heterophylla.
850,Tuakura,"Lindsay, Williams",Dicksonia squarrosa.
851,Tuanui,"Williams",A variety of Podocarpus totara.
852,Tuhara,"Williams",Cladium Sinclairii.
853,Tukauki,"Williams",Libertia ixioides.
854,Tukirunga,"Colenso",Dicksonia fibrosa.
855,Tukorehu,"Lindsay, Williams",Plantago sp.
856,Tukou,"Colenso",Cultivated variety of I pomœa batatas.
857,Tumatakuri,"Colenso",Discaria Toumatou.
858,Tumatakuru,"Elsdon Best",Aciphylla squarrosa.
859,Tumatakuru,"Colenso, Williams",Discaria Toumatou.
860,Tumingi,"Williams",Leucopogon fasciculatus.
861,Tumingi,"Lyall",Cyathodes acerosa.
862,Tuokura,"Elsdon Best",Dicksonia squarrosa.
863,Tupakihi,"Polack, Cunningham, Colenso",Coriaria ruscifolia.
864,Tupare,"Traill, Williams",Olearia Colensoi.
865,Tupari,"Hector",Olearia operina and 0. Lyallii.
866,Tupari,"Percy Smith",Lomaria procera.
867,Tuputupu,"Polack",Avicennia officinalis.
868,Turawera,"Colenso",Pteris tremula.
869,Turepo,"Williams",Paratrophis heterophylla.
870,Turikakoa,"Williams",Spinifex hirsutus.
871,Turikoka,"W'illiams",Deyeuxia Forsteri.
872,Turitaka,"Colenso",Cultivated variety of Colocasia antiquorum.
873,Turutu,"Lindsay, Williams",Dianella intermedia.
874,Turutu,"Lyall",Libertia ixioides.
875,Tutaeikamoana,"Williams",Tetragonia expansa.
876,Tutaekaahu,"E. B. Dickson",Oxalis magellanica.
877,Tutaekiore,"E. B. Dickson",Euphrasia cuneata.
878,Tutaekoau,"Williams",Apium australe.
879,Tutaetara,"Colenso",Cultivated variety of I pomœa batatas.PAGE 1110
880,Tutahuna,"Elsdon Best",Raoulia tenuicaulis.
881,Tutanga,"Williams",Cultivated variety of I pomœa batatas.
882,Tutoke,"Elsdon Best",Aspidium Richardi.
883,Tutu,"Lyall, Lindsay, Williams",Coriaria ruscifolia.
884,Tutuhanga,"Colenso",Cultivated variety of I pomœa batatas.
885,Tutuheuheu,"Mantell",Coriaria thymifolia.
886,Tutukiwi,"Elsdon Best",Pterostylis Banksii.
887,Tutumako,"Williams",Euphrasia cuneata.
888,Tutunawai,"Colenso, Williams",Polygonum serrulatum.
889,Tutupapa,"Colenso, Williams",Coriaria thymifolia.
890,Upokotangata,"Colenso",Mariscus ustulatus.
891,Upokotiketike,"Colenso",Cultivated variety of Colocasia antiquorum.
892,Ureure,"Colenso, Williams",Fruit of Freycinetia Banksii.
893,Ururangi,"Williams",Cultivated variety of I pomœa batatas.
894,Uwhi,"Williams",Variety of Solanum tuberosum.
895,Uwhikaho,"Williams",Dioscorea sp.
896,Uwhipara,"Tregear",Marattia fraxinea.
897,Waekahu,"Lindsay",Lycopodium volubile.
898,Waekahu,"Williams",Muhlenbeckia complexa.
899,Waekura,"Elsdon Best",Gleichenia Cunninghamii.
900,Waeruru,"Williams",Cultivated variety of Solarium tuberosum.
901,Waewaekaka,"Colenso, Williams",Gleichenia circinata.
902,Waewaekoukou,"Colenso, Williams",Lycopodium volubile.
903,Waewaekoukou,"R. H. Matthews",Lycopodium densum.
904,Waewaematuku,"Colenso",Gleichenia circinata.
905,Waiha,"Williams",Cultivated variety of I pomœa batatas.
906,Waina,"Williams",Cultivated variety of I pomœa batatas.
907,Wairuaarangi,"Colenso",Cultivated variety of Colocasia antiquorum.
908,Waiuatua,"Colenso",Euphorbia glauca.
909,Waiuatua,"Williams",Rhabdothamnus Solandri.
910,Waiuatua,"Williams",Gaultheria oppositifolia.
911,Waiuokahukura,"Williams",Euphorbia glauca.
912,Waniwani,"Colenso, Williams",Cultivated variety of I pomœa batatas.
913,Waoriki,"Elsdon Best",Ranunculus rivularis.
914,Wawaupaku,"Colenso",Panax anomalum. More correctly Whauwhaupaku.
915,Wekeweke,"Williams",Sonchus asper.
916,Weki,"Colenso",Dicksonia squarrosa, Same as Wheki, which is a more common spelling.
917,Wenewene,"Williams",Cultivated variety of Lagenaria vulgaris.
918,Weni,"Williams",Cultivated variety of I pomœa batatas.
919,Whakakumu,"Colenso",Cultivated variety of I pomœa batatas,
920,Whakapiopio,"Lindsay, Williams",Metrosideros scandens.
921,Whakatangitangi,"Lindsay, Williams",Metrosideros florida.
922,Whakatata,"Tregear",Corokia buddleoides.
923,Whakatata,"F. A. D. Cox",Corokia macrocarpa.
924,Whakou,"Elsdon Best",Flowers of Ixerba brexioides.
925,Whanake,"Williams",Cordyline australis.
926,Whangai-rangatira,"Percy Smith",Cultivated variety of Lagenaria vulgaris.
927,Wharangi,"Colenso, Williams",Melicope ternata.
928,Wharangipiro,"Lyall",Olearia Cunninghamii.
929,Wharangipiro,"Williams",Olearia furfuracea.
930,Wharangipiro,"Colenso",Melicope ternata.
931,Wharangitawhito,"Tregear",Brachyglottis repanda.
932,Wharanui,"Williams",Variety of Phormium tenax.
933,Wharariki,"Williams",Phormium Cookianum.
934,Wharawhara,"Williams",Astelia Banksii.PAGE 1111
935,Wharengarara,"Williams",Pimelea Iœvigata.
936,Wharewhareatua,"Williams",Pittosporum cornifolium.
937,Whau,"Cunningham, Colenso, &c",Entelea arborescens.
938,Whaupaku,"Williams",Panax arborcum.
939,Whauwhau,"Lindsay",Gaya Lyallii.
940,Whauwhau,"Cunningham",Pseudopanax Lessonii.
941,Whauwhau,"Williams",Panax arboreum.
942,Whauwhaupaku,"Colenso",Panax arboreum.
943,Whauwhi,"Colenso, Williams",Hoheria populnea.
944,Whauwhi,"Hector",Plagianthus betulinus.
945,Whauwhi,"Lyall",Gaya Lyallii.
946,Whawhakou,"Hector",Eugenia maire.
947,Whe,"Williams",Hemitelia Smithii.
948,Wheki,"Williams",Dicksonia squarrosa.
949,Whekikohunga,"Williams",Dicksonia fibrosa.
950,Whekiponga,"Colenso, Williams",Dicksonia fibrosa.
951,Wheterau,"Williams",Ileodictyon cibarium.
952,Whinau,"Williams",Elœocarpus dentatus.
953,Whinaupuka,"Elsdon Best",Elœocarpus Hookerianus.
954,Whiri-o-Raukatauri,"Elsdon Best",Asplenium flaccidum.
955,Whiri-o-Raukatauri,"Elsdon Best",Lycopodium Billardieri.
956,Whitau,"Mantell, Williams",Dressed fibre of Phormium.
957,Wi,"Colenso, &c",Juncus efjusus and other species.
958,Wi,"Williams",Pea cœspitosa.
959,Wiwi,"Colenso, Williams",Juncus efjusus and J. maritimus
960,Wiwi,"Lvall",Scirpus nodosus.
